# metadata={"file":"~/prj/murmuration-milestone/murmuration.html","htmlSha256":"48277251e24ae20a617716a920ffa9e6cad1de4c5a91065afc34751c6cf0abf8","scriptAssets":[{"file":"motion/motion-data.js","sha256":"744e92d6f4a41b651723e499025a25b05e1eaef2d77f02d89a81bca57072e1aa"},{"file":"motion/motion.js","sha256":"ce19dd0dd8eacfdb710ad6cb928735e70c296a8ae689b32ca224502c1e353351"},{"file":"<inline-1>","sha256":"8745c39eb25bd71569eedf5167d054f707cd186421416b3ff3642f66a9f59076"}],"query":"seed=7&n=40&calm=&painted=&debug=","seed":7,"seconds":8,"dtMs":16.666666666666668,"frames":480,"clock":"virtual","canvas":"strict-stub","node":"v20.20.1","inputs":{"file":"~/prj/murmuration-milestone/sim/example-inputs.json","sha256":"0c9f5623b0847022ab5a113af2a1ee8610fc504f36c4e41e553b78f79e81b082","count":3,"policy":"dispatch before first frame whose end time reaches atMs","events":[{"atMs":1000,"type":"pointermove","clientX":650,"clientY":300},{"atMs":2000,"type":"pointerdown","clientX":650,"clientY":300},{"atMs":4000,"type":"keydown","key":"c"}]}}
# traceSha256=01ff567baca21838ec339ee1ab723b79115b07b3b23cfe5aefc5bc4488dfee0f
frame,timeMs,simT,polarization,nearest,out,falconOn,mode,hunts,strikes
1,16.666666666666668,0.016666666666666666,0.9836191200744071,7.120038976370713,0,false,leave,0,0
60,999.9999999999991,0.9999999999999991,0.9726680523626001,5.720409333537526,0,false,leave,0,0
120,2000.0000000000034,2.0000000000000036,0.9925767408659603,4.032857459214965,0,true,stoop,0,0
180,2999.999999999995,2.999999999999995,0.9969165000498794,3.2132378607846745,0,true,stoop,0,0
240,3999.999999999986,3.999999999999986,0.9974089153223267,2.645667817550133,0,true,stoop,0,0
300,5000.000000000002,5.000000000000002,0.9321860215250375,2.4924713266577085,0,true,climb,0,1
360,6000.00000000002,6.00000000000002,0.9841646960980066,2.419923869812892,0,true,climb,0,1
420,7000.000000000038,7.000000000000038,0.9727827308827288,2.515675180156479,0,true,position,0,1
480,8000.000000000056,8.000000000000057,0.9972176170959164,2.6171822503396625,0,true,position,0,1
